Signal key,Signal label,Y label,Color,window_start_s,window_end_s,sample_count,sample_spacing_s,baseline_window_s,envelope_smooth_window_s,envelope_slope_per_s,envelope_intercept,envelope_r2,envelope_p_value,envelope_fit_start,envelope_fit_end,envelope_fit_percent_change,envelope_normalization
wall_temperature,$T_{\mathrm{w}}$,Wall temperature (C),tab:purple,321.6000000000049,700.0,3784,0.10000000000002274,75.0,35.0,0.03811177097976837,-5.425837067290109,0.7922557642618359,0.0,6.830908479803584,21.252402618547748,211.1211734337105,3.0964903125170182
heat_flux,$q''$,Heat flux (W/cm$^2$),tab:red,321.6000000000049,700.0,3784,0.10000000000002274,75.0,35.0,0.07619102939901537,-10.63890353906988,0.7928849715897384,0.0,13.864131515653838,42.69481704024088,207.95161595253643,6.2586511801275275
hydrophone_power,Hydrophone power,Band-integrated power (V$^2$),tab:blue,321.6000000000049,700.0,1183,0.32000000004302365,75.0,35.0,3.437850807654551e-05,-0.0063224993816716046,0.8439130780280613,0.0,0.004733628815745601,0.017742456271910255,274.8172271744888,0.0035224208665669858
