Signal key,Signal label,Y label,Color,window_start_s,window_end_s,sample_count,sample_spacing_s,baseline_window_s,envelope_smooth_window_s,envelope_slope_per_s,envelope_intercept,envelope_linear_r2,envelope_p_value,envelope_normalization,envelope_fit_start,envelope_fit_end,envelope_fit_percent_change,envelope_asymptotic_initial,envelope_asymptotic_growth,envelope_asymptote,envelope_time_constant_s,envelope_time_to_95_percent_s,envelope_saturation_fraction_at_end,envelope_r2
wall_temperature,$T_{\mathrm{w}}$,Wall temperature (C),tab:purple,321.6000000000049,700.0,3784,0.10000000000002274,75.0,35.0,0.03811177097976837,-5.425837067290109,0.7922557642618359,0.0,3.0964903125170182,0.8572758557544383,18.36665402492818,2042.4438705047587,0.8572758557544383,17.972066034241344,18.82934188999578,103.37417698830347,631.381358255943,0.9742551655337754,0.9704070119686127
heat_flux,$q''$,Heat flux (W/cm$^2$),tab:red,321.6000000000049,700.0,3784,0.10000000000002274,75.0,35.0,0.07619102939901537,-10.63890353906988,0.7928849715897384,0.0,6.2586511801275275,2.269208223493929,37.00100406721853,1530.5689219761248,2.269208223493929,35.733671517428746,38.00287974092267,105.84128905272138,638.7721654897941,0.971962699852561,0.9630883250128196
hydrophone_power,Hydrophone power,Band-integrated power (V$^2$),tab:blue,321.6000000000049,700.0,1183,0.32000000004302365,75.0,35.0,3.437850807654551e-05,-0.0063224993816716046,0.8439130780280613,0.0,0.0035224208665669858,0.004173533605977141,0.017232882385609403,312.9086767368848,0.004173533605977141,0.03364331986295082,0.03781685346892796,769.872943828076,2627.9332244050584,0.3881706333629003,0.8478185729989489
