{
  "test_id": "Boiling-416",
  "raw_folder": "Y:\\0_Ishraq\\New Pool Boiling Video\\Boiling-416",
  "applied_heat_load_W_cm2": 230.0,
  "input_subcooling_C": 57.6,
  "duration_s": 928.9,
  "pressure_mean_kPa": 97.47,
  "pressure_std_kPa": 0.05817318441711057,
  "pressure_rmse_vs_target_kPa": 0.233236618475854,
  "T_sat_C": 98.89114320272597,
  "mean_vapour_temp_C": 50.88240678622174,
  "mean_liquid_temp_C": 57.26520791076426,
  "max_surface_temp_C": 166.968477178,
  "time_at_max_surface_temp_s": 749.6,
  "max_heat_flux_W_cm2": 267.23561508661413,
  "time_at_max_heat_flux_s": 754.0,
  "dnb_time_s": 150.8,
  "dnb_heat_flux_W_cm2": 188.25450132283467,
  "dnb_drop_start_time_s": 155.4,
  "dnb_search_end_s": 250.0,
  "dnb_drop_window_s": 5.0,
  "peak_time_s": 160.8,
  "peak_surface_temp_C": 158.9329608640001,
  "peak_heat_flux_W_cm2": 146.09430097637747,
  "peak_search_end_s": 250.0,
  "chf_proxy_time_s": 100.0,
  "chf_proxy_W_cm2": 161.40529779527566,
  "htc_at_chf_proxy_W_cm2K": 7.377360862348649,
  "nbr_time_s": 754.0,
  "nbr_W_cm2": 267.23561508661413,
  "q_min_between_chf_nbr_W_cm2": 143.30593089763798,
  "q_min_time_s": 160.4,
  "mean_R2_linear_fit": 0.9845466216109237,
  "min_R2_linear_fit": 0.036094535872855715,
  "plots_dir": "demos\\Boiling-416\\generated\\plots",
  "dc_start_time_s": 6.207559000002116,
  "surface_temp_at_dc_start_C": 53.40830910000002,
  "dc_shutoff_time_s": 757.7728620000021,
  "surface_temp_at_dc_shutoff_C": 129.42122896900003,
  "oscillation_peak_time_s": 321.6000000000049,
  "oscillation_peak_search_start_s": 300.0,
  "oscillation_peak_search_end_s": 700.0,
  "hydrophone_available": true,
  "hydrophone_rows": 11891200,
  "hydrophone_sampling_frequency_Hz": 12799.999998277717,
  "hydrophone_band_min_Hz": 0.0,
  "hydrophone_band_max_Hz": 6000.0,
  "hydrophone_band_power_time_bins": 2902,
  "hydrophone_band_power_min_V2": 6.647970135823537e-07,
  "hydrophone_band_power_max_V2": 0.059467704607578296,
  "hydrophone_band_power_mean_V2": 0.008100962913843041,
  "hydrophone_characteristic_band_min_Hz": 0.0,
  "hydrophone_characteristic_band_max_Hz": 6000.0,
  "hydrophone_median_peak_frequency_Hz": 918.7499998763791,
  "hydrophone_median_spectral_centroid_Hz": 1057.37742984591,
  "hydrophone_median_spectral_bandwidth_Hz": 399.00975378976494,
  "hydrophone_power_centroid_window_start_s": 300.0,
  "hydrophone_power_centroid_window_end_s": 700.0,
  "hydrophone_power_centroid_samples": 1250,
  "hydrophone_power_centroid_zero_lag_correlation": 0.7791820614052655,
  "hydrophone_power_centroid_best_correlation": 0.8239726108133455,
  "hydrophone_power_centroid_best_lag_s": 0.6400000000860473,
  "hydrophone_mean_centroid_z_at_power_peaks": 0.057482327601957296,
  "hydrophone_mean_centroid_z_at_power_valleys": -0.5362040916645945,
  "hydrophone_power_peak_count": 23,
  "hydrophone_power_valley_count": 21,
  "hydrophone_oscillation_window_start_s": 300.0,
  "hydrophone_oscillation_window_end_s": 700.0,
  "hydrophone_oscillation_samples": 1250,
  "hydrophone_dominant_oscillation_frequency_Hz": 0.04999999999327756,
  "hydrophone_dominant_oscillation_period_s": 20.000000002688974,
  "hydrophone_oscillation_label": "Hydrophone",
  "meb_envelope_requested_window_start_s": 300.0,
  "meb_envelope_window_start_s": 321.6000000000049,
  "meb_envelope_window_end_s": 700.0,
  "meb_envelope_signals": "wall_temperature, heat_flux, hydrophone_power",
  "meb_wall_temperature_envelope_percent_change": 211.1211734337105,
  "meb_heat_flux_envelope_percent_change": 207.95161595253643,
  "meb_hydrophone_power_envelope_percent_change": 274.8172271744888,
  "meb_wall_temperature_envelope_r2": 0.7922557642618359,
  "meb_heat_flux_envelope_r2": 0.7928849715897384,
  "meb_hydrophone_power_envelope_r2": 0.8439130780280613,
  "ae_hit_available": true,
  "ae_time_available": true,
  "ae_hit_rows": 56696,
  "ae_time_rows": 92416,
  "ae_wfs_available": true,
  "ae_wfs_file": "Y:\\0_Ishraq\\New Pool Boiling Video\\Boiling-416\\STREAM20260510-173506-011.wfs",
  "ae_wfs_channel": 1,
  "ae_wfs_samples": 922805248,
  "ae_wfs_duration_s": 922.805247,
  "ae_wfs_sampling_frequency_Hz": 1000000.0,
  "ae_wfs_samples_per_record": 4096,
  "ae_wfs_spectrogram_time_bins": 2400,
  "ae_wfs_spectrogram_frequency_bins": 2049,
  "ae_wfs_spectrogram_chunk_size": 384502,
  "ae_wfs_spectrogram_nperseg": 8192,
  "ae_wfs_spectrogram_max_frequency_Hz": 250000.0,
  "ae_wfs_band_min_Hz": 0.0,
  "ae_wfs_band_max_Hz": 250000.0,
  "ae_wfs_band_power_time_bins": 2400,
  "ae_wfs_band_power_min_V2": 5.908561426845748e-09,
  "ae_wfs_band_power_max_V2": 5.336068785801814e-05,
  "ae_wfs_band_power_mean_V2": 5.3454142157011596e-06,
  "ae_wfs_characteristic_band_min_Hz": 0.0,
  "ae_wfs_characteristic_band_max_Hz": 250000.0,
  "ae_wfs_median_peak_frequency_Hz": 8422.8515625,
  "ae_wfs_median_spectral_centroid_Hz": 8565.464130193286,
  "ae_wfs_median_spectral_bandwidth_Hz": 4825.333921799459,
  "ae_wfs_oscillation_window_start_s": 300.0,
  "ae_wfs_oscillation_window_end_s": 700.0,
  "ae_wfs_oscillation_samples": 1040,
  "ae_wfs_dominant_oscillation_frequency_Hz": 0.05501621878129706,
  "ae_wfs_dominant_oscillation_period_s": 18.17645818181807,
  "ae_wfs_oscillation_label": "AE waveform"
}
