{
  "test_id": "Boiling-412",
  "raw_folder": "Y:\\0_Ishraq\\New Pool Boiling Video\\Boiling-412",
  "applied_heat_load_W_cm2": 150.0,
  "input_subcooling_C": 40.0,
  "duration_s": 541.9,
  "pressure_mean_kPa": 97.28,
  "pressure_std_kPa": 0.05855375982218818,
  "pressure_rmse_vs_target_kPa": 0.4199874280910545,
  "T_sat_C": 98.83684632222776,
  "mean_vapour_temp_C": 55.76587363505536,
  "mean_liquid_temp_C": 58.829168300553505,
  "max_surface_temp_C": 112.73542023600007,
  "time_at_max_surface_temp_s": 538.8,
  "max_heat_flux_W_cm2": 142.0218777952753,
  "time_at_max_heat_flux_s": 462.8,
  "dnb_time_s": 1.2,
  "dnb_heat_flux_W_cm2": -1.0178233700787986,
  "dnb_drop_start_time_s": 1.4,
  "dnb_search_end_s": 250.0,
  "dnb_drop_window_s": 5.0,
  "peak_time_s": 248.8,
  "peak_surface_temp_C": 108.570489318,
  "peak_heat_flux_W_cm2": 136.8105896692914,
  "peak_search_end_s": 250.0,
  "chf_proxy_time_s": 100.0,
  "chf_proxy_W_cm2": 105.38478614173233,
  "htc_at_chf_proxy_W_cm2K": 13.215589000110871,
  "nbr_time_s": 462.8,
  "nbr_W_cm2": 142.0218777952753,
  "q_min_between_chf_nbr_W_cm2": 105.38478614173233,
  "q_min_time_s": 100.0,
  "mean_R2_linear_fit": 0.9791418577547905,
  "min_R2_linear_fit": 0.056686829009071404,
  "plots_dir": "demos\\Boiling-412\\generated\\plots",
  "dc_start_time_s": 5.701030999993091,
  "surface_temp_at_dc_start_C": 58.97855479100002,
  "dc_shutoff_time_s": 545.441967999993,
  "surface_temp_at_dc_shutoff_C": 112.73138802699998,
  "oscillation_peak_time_s": 300.4000000000001,
  "oscillation_peak_search_start_s": 300.0,
  "oscillation_peak_search_end_s": 545.441967999993,
  "hydrophone_available": true,
  "hydrophone_rows": 6950400,
  "hydrophone_sampling_frequency_Hz": 12799.999997053408,
  "hydrophone_band_min_Hz": 0.0,
  "hydrophone_band_max_Hz": 6000.0,
  "hydrophone_band_power_time_bins": 1695,
  "hydrophone_band_power_min_V2": 1.135918858675149e-06,
  "hydrophone_band_power_max_V2": 0.00321074807578711,
  "hydrophone_band_power_mean_V2": 0.0006477166255234526,
  "hydrophone_characteristic_band_min_Hz": 0.0,
  "hydrophone_characteristic_band_max_Hz": 6000.0,
  "hydrophone_median_peak_frequency_Hz": 974.9999997755526,
  "hydrophone_median_spectral_centroid_Hz": 1396.7627754511102,
  "hydrophone_median_spectral_bandwidth_Hz": 1151.4446320296813,
  "hydrophone_power_centroid_window_start_s": 300.0,
  "hydrophone_power_centroid_window_end_s": 700.0,
  "hydrophone_power_centroid_samples": 758,
  "hydrophone_power_centroid_zero_lag_correlation": -0.8501533529133053,
  "hydrophone_power_centroid_best_correlation": -0.8501533529133051,
  "hydrophone_power_centroid_best_lag_s": 0.0,
  "hydrophone_mean_centroid_z_at_power_peaks": -0.9242165174435125,
  "hydrophone_mean_centroid_z_at_power_valleys": 0.7810271320969705,
  "hydrophone_power_peak_count": 21,
  "hydrophone_power_valley_count": 22,
  "hydrophone_oscillation_window_start_s": 300.0,
  "hydrophone_oscillation_window_end_s": 700.0,
  "hydrophone_oscillation_samples": 758,
  "hydrophone_dominant_oscillation_frequency_Hz": 0.02473614775156181,
  "hydrophone_dominant_oscillation_period_s": 40.42666667597267,
  "hydrophone_oscillation_label": "Hydrophone",
  "meb_envelope_requested_window_start_s": 300.0,
  "meb_envelope_window_start_s": 300.4000000000001,
  "meb_envelope_window_end_s": 545.441967999993,
  "meb_envelope_signals": "wall_temperature, heat_flux, hydrophone_power",
  "meb_wall_temperature_envelope_percent_change": NaN,
  "meb_heat_flux_envelope_percent_change": 980.4086384136529,
  "meb_hydrophone_power_envelope_percent_change": 285.79215064433157,
  "meb_wall_temperature_envelope_r2": 0.45461156103635514,
  "meb_heat_flux_envelope_r2": 0.3588481302065585,
  "meb_hydrophone_power_envelope_r2": 0.028206668430183268,
  "meb_wall_temperature_envelope_time_constant_s": 4827.999999907251,
  "meb_heat_flux_envelope_time_constant_s": 4828.000000001097,
  "meb_hydrophone_power_envelope_time_constant_s": 11.605370534954393,
  "meb_wall_temperature_envelope_asymptote": 3.648514944988989,
  "meb_heat_flux_envelope_asymptote": 5.236378508713531,
  "meb_hydrophone_power_envelope_asymptote": 7.871746547511532e-05,
  "meb_wall_temperature_envelope_saturation_fraction_at_end": 0.04877057550021047,
  "meb_heat_flux_envelope_saturation_fraction_at_end": 0.048770575499285984,
  "meb_hydrophone_power_envelope_saturation_fraction_at_end": 0.9999999991150779,
  "ae_hit_available": false,
  "ae_time_available": false
}