Signal key,Signal label,Y label,Color,window_start_s,window_end_s,sample_count,sample_spacing_s,baseline_window_s,envelope_smooth_window_s,envelope_slope_per_s,envelope_intercept,envelope_r2,envelope_p_value,envelope_fit_start,envelope_fit_end,envelope_fit_percent_change,envelope_normalization
wall_temperature,$T_{\mathrm{w}}$,Wall temperature (C),tab:purple,308.0000000000018,673.8934380000007,3658,0.10000000000002274,75.0,35.0,0.026424606962800547,-0.7089943776255687,0.9001019993540071,0.0,7.429784566917048,17.09837485633485,130.13284843371622,7.072532697588465
heat_flux,$q''$,Heat flux (W/cm$^2$),tab:red,308.0000000000018,673.8934380000007,3658,0.10000000000002274,75.0,35.0,0.055887654126430986,-0.22262802777035162,0.907453085246659,0.0,16.990769443170493,37.439695353245156,120.35314809297346,16.25147358208656
hydrophone_power,Hydrophone power,Band-integrated power (V$^2$),tab:blue,308.0000000000018,673.8934380000007,1143,0.32000000004040885,75.0,35.0,5.667913330662835e-05,-0.0026909828956821306,0.5921942440724804,1.779695236749869e-224,0.014766190162759502,0.035504713111182,140.44599669808727,0.021410983407476967
