{
  "test_id": "Boiling-417",
  "raw_folder": "Y:\\0_Ishraq\\New Pool Boiling Video\\Boiling-417",
  "applied_heat_load_W_cm2": 250.0,
  "input_subcooling_C": 57.6,
  "duration_s": 988.9,
  "pressure_mean_kPa": 97.51,
  "pressure_std_kPa": 0.05821346892999,
  "pressure_rmse_vs_target_kPa": 0.1966289020230798,
  "T_sat_C": 98.90256294901906,
  "mean_vapour_temp_C": 49.92851421476239,
  "mean_liquid_temp_C": 57.60048842093023,
  "max_surface_temp_C": 172.869782979,
  "time_at_max_surface_temp_s": 132.4,
  "max_heat_flux_W_cm2": 277.95529029921306,
  "time_at_max_heat_flux_s": 608.4,
  "dnb_time_s": 124.8,
  "dnb_heat_flux_W_cm2": 190.67491149606312,
  "dnb_drop_start_time_s": 127.2,
  "dnb_search_end_s": 250.0,
  "dnb_drop_window_s": 5.0,
  "peak_time_s": 132.4,
  "peak_surface_temp_C": 172.869782979,
  "peak_heat_flux_W_cm2": 131.82243751181102,
  "peak_search_end_s": 250.0,
  "chf_proxy_time_s": 100.0,
  "chf_proxy_W_cm2": 177.26038907086644,
  "htc_at_chf_proxy_W_cm2K": 5.4872578814166415,
  "nbr_time_s": 608.4,
  "nbr_W_cm2": 277.95529029921306,
  "q_min_between_chf_nbr_W_cm2": 131.810384283464,
  "q_min_time_s": 132.0,
  "mean_R2_linear_fit": 0.9942899991897582,
  "min_R2_linear_fit": 0.804153545310094,
  "plots_dir": "demos\\Boiling-417\\generated\\plots",
  "dc_start_time_s": 5.2279820000007495,
  "surface_temp_at_dc_start_C": 67.32582513799997,
  "dc_shutoff_time_s": 673.8934380000007,
  "surface_temp_at_dc_shutoff_C": 130.90226886200003,
  "hydrophone_available": true,
  "hydrophone_rows": 12659200,
  "hydrophone_sampling_frequency_Hz": 12799.999998382205,
  "hydrophone_band_min_Hz": 0.0,
  "hydrophone_band_max_Hz": 6000.0,
  "hydrophone_band_power_time_bins": 3089,
  "hydrophone_band_power_min_V2": 2.662287225914444e-07,
  "hydrophone_band_power_max_V2": 0.3443237708393874,
  "hydrophone_band_power_mean_V2": 0.015699904145764908,
  "hydrophone_characteristic_band_min_Hz": 0.0,
  "hydrophone_characteristic_band_max_Hz": 6000.0,
  "hydrophone_median_peak_frequency_Hz": 917.1874998840765,
  "hydrophone_median_spectral_centroid_Hz": 1058.4925354442587,
  "hydrophone_median_spectral_bandwidth_Hz": 415.7213778935318,
  "hydrophone_power_centroid_window_start_s": 300.0,
  "hydrophone_power_centroid_window_end_s": 700.0,
  "hydrophone_power_centroid_samples": 1250,
  "hydrophone_power_centroid_zero_lag_correlation": 0.6146118772537855,
  "hydrophone_power_centroid_best_correlation": 0.6372684994227514,
  "hydrophone_power_centroid_best_lag_s": -0.6400000000808177,
  "hydrophone_mean_centroid_z_at_power_peaks": 0.20540245123898843,
  "hydrophone_mean_centroid_z_at_power_valleys": -0.5001065848946146,
  "hydrophone_power_peak_count": 32,
  "hydrophone_power_valley_count": 32,
  "hydrophone_oscillation_window_start_s": 300.0,
  "hydrophone_oscillation_window_end_s": 700.0,
  "hydrophone_oscillation_samples": 1250,
  "hydrophone_dominant_oscillation_frequency_Hz": 0.07999999998989779,
  "hydrophone_dominant_oscillation_period_s": 12.50000000157847,
  "hydrophone_oscillation_label": "Hydrophone",
  "ae_hit_available": true,
  "ae_time_available": true,
  "ae_hit_rows": 61864,
  "ae_time_rows": 100841,
  "ae_wfs_available": true,
  "ae_wfs_file": "Y:\\0_Ishraq\\New Pool Boiling Video\\Boiling-417\\STREAM20260510-180215-533.wfs",
  "ae_wfs_channel": 1,
  "ae_wfs_samples": 1007625216,
  "ae_wfs_duration_s": 1007.625215,
  "ae_wfs_sampling_frequency_Hz": 1000000.0,
  "ae_wfs_samples_per_record": 4096,
  "ae_wfs_spectrogram_time_bins": 2400,
  "ae_wfs_spectrogram_frequency_bins": 2049,
  "ae_wfs_spectrogram_chunk_size": 419843,
  "ae_wfs_spectrogram_nperseg": 8192,
  "ae_wfs_spectrogram_max_frequency_Hz": 250000.0,
  "ae_wfs_band_min_Hz": 0.0,
  "ae_wfs_band_max_Hz": 250000.0,
  "ae_wfs_band_power_time_bins": 2400,
  "ae_wfs_band_power_min_V2": 5.813551464174776e-09,
  "ae_wfs_band_power_max_V2": 4.988348159708457e-05,
  "ae_wfs_band_power_mean_V2": 4.854611507127646e-06,
  "ae_wfs_characteristic_band_min_Hz": 0.0,
  "ae_wfs_characteristic_band_max_Hz": 250000.0,
  "ae_wfs_median_peak_frequency_Hz": 8422.8515625,
  "ae_wfs_median_spectral_centroid_Hz": 8485.341637361846,
  "ae_wfs_median_spectral_bandwidth_Hz": 4733.620794645545,
  "ae_wfs_oscillation_window_start_s": 300.0,
  "ae_wfs_oscillation_window_end_s": 700.0,
  "ae_wfs_oscillation_samples": 953,
  "ae_wfs_dominant_oscillation_frequency_Hz": 0.0800619407210555,
  "ae_wfs_dominant_oscillation_period_s": 12.490329250000428,
  "ae_wfs_oscillation_label": "AE waveform"
}