{
  "n_cases": 30,
  "surfaces": [
    "Flat Cu",
    "MC Cu",
    "MP Cu"
  ],
  "pressure_range_kPa": [
    10.07,
    100.05
  ],
  "deltaT_NBR_mean_K": 17.27923333333333,
  "deltaT_NBR_std_K": 2.5340879701048045,
  "fit_results": [
    {
      "model": "constant_deltaT_scale",
      "h_min": 1.2337398836228408e-19,
      "scale": 162.09137744914239,
      "m": 1.9562707952564433,
      "r2": 0.9020121903862895,
      "rmse": 0.04115074995786829
    },
    {
      "model": "pressure_dependent_Tref_scale",
      "h_min": 0.17710399840655547,
      "scale": 238.98105279632713,
      "m": 1.6876262247820801,
      "r2": 0.9357296699427976,
      "rmse": 0.033327059337906716
    }
  ]
}