model,h_min,scale,m,r2,rmse
constant_deltaT_scale,1.2337398836228408e-19,162.09137744914239,1.9562707952564433,0.9020121903862895,0.04115074995786829
pressure_dependent_Tref_scale,0.17710399840655547,238.98105279632713,1.6876262247820801,0.9357296699427976,0.033327059337906716
