{
  "test_id": "Boiling-413",
  "raw_folder": "Y:\\0_Ishraq\\New Pool Boiling Video\\Boiling-413",
  "applied_heat_load_W_cm2": 180.0,
  "input_subcooling_C": 50.0,
  "duration_s": 884.9,
  "pressure_mean_kPa": 97.3,
  "pressure_std_kPa": 0.058576268862568046,
  "pressure_rmse_vs_target_kPa": 0.39943161522691556,
  "T_sat_C": 98.84256591905148,
  "mean_vapour_temp_C": 47.83999019084746,
  "mean_liquid_temp_C": 52.384150331525426,
  "max_surface_temp_C": 159.59306365299997,
  "time_at_max_surface_temp_s": 574.8,
  "max_heat_flux_W_cm2": 163.11568639370063,
  "time_at_max_heat_flux_s": 393.6,
  "dnb_time_s": 178.0,
  "dnb_heat_flux_W_cm2": 152.42367187401564,
  "dnb_drop_start_time_s": 181.2,
  "dnb_search_end_s": 250.0,
  "dnb_drop_window_s": 5.0,
  "peak_time_s": 244.0,
  "peak_surface_temp_C": 132.79301814100006,
  "peak_heat_flux_W_cm2": 154.9865539842518,
  "peak_search_end_s": 250.0,
  "chf_proxy_time_s": 100.0,
  "chf_proxy_W_cm2": 125.16166919685062,
  "htc_at_chf_proxy_W_cm2K": 9.164620770883628,
  "nbr_time_s": 393.6,
  "nbr_W_cm2": 163.11568639370063,
  "q_min_between_chf_nbr_W_cm2": 125.16166919685062,
  "q_min_time_s": 100.0,
  "mean_R2_linear_fit": 0.9911677577854602,
  "min_R2_linear_fit": 0.51733522265632,
  "plots_dir": "demos\\Boiling-413\\generated\\plots",
  "dc_start_time_s": 5.445261000003939,
  "surface_temp_at_dc_start_C": 57.231895853000005,
  "dc_shutoff_time_s": 572.618930000004,
  "surface_temp_at_dc_shutoff_C": 159.0307515,
  "hydrophone_available": true,
  "hydrophone_rows": 11340800,
  "hydrophone_sampling_frequency_Hz": 12799.999998194131,
  "hydrophone_band_min_Hz": 0.0,
  "hydrophone_band_max_Hz": 6000.0,
  "hydrophone_band_power_time_bins": 2767,
  "hydrophone_band_power_min_V2": 3.5800632062969314e-07,
  "hydrophone_band_power_max_V2": 0.02318799468347068,
  "hydrophone_band_power_mean_V2": 0.00408833249264023,
  "hydrophone_characteristic_band_min_Hz": 0.0,
  "hydrophone_characteristic_band_max_Hz": 6000.0,
  "hydrophone_median_peak_frequency_Hz": 979.6874998617823,
  "hydrophone_median_spectral_centroid_Hz": 1102.832248520049,
  "hydrophone_median_spectral_bandwidth_Hz": 357.5416490579995,
  "hydrophone_power_centroid_window_start_s": 300.0,
  "hydrophone_power_centroid_window_end_s": 700.0,
  "hydrophone_power_centroid_samples": 1250,
  "hydrophone_power_centroid_zero_lag_correlation": -0.8030045927669512,
  "hydrophone_power_centroid_best_correlation": -0.8030045927669512,
  "hydrophone_power_centroid_best_lag_s": 0.0,
  "hydrophone_mean_centroid_z_at_power_peaks": -2.5797518196142235,
  "hydrophone_mean_centroid_z_at_power_valleys": 0.2841214029495637,
  "hydrophone_power_peak_count": 3,
  "hydrophone_power_valley_count": 1,
  "hydrophone_oscillation_window_start_s": 300.0,
  "hydrophone_oscillation_window_end_s": 700.0,
  "hydrophone_oscillation_samples": 1250,
  "hydrophone_dominant_oscillation_frequency_Hz": 0.004999999999294005,
  "hydrophone_dominant_oscillation_period_s": 200.0000000282398,
  "hydrophone_oscillation_label": "Hydrophone",
  "ae_hit_available": false,
  "ae_time_available": false,
  "ae_wfs_available": false
}